date,yt_pred_trend,yt_true,yt_pred_trend_month,yt_pred_trend_sincos,yt_pred_log_trend_month,yt_pred_ar,yt_pred_d1d12_ar,yt_pred_mlp,yt_pred_sarima,yt_pred_holt_winters
1946-01-01,1565.103194667892,890,1095.0249999999949,1037.8494949256365,1390.0995838560916,,,,,877.9151611295897
1946-02-01,1575.7755987028142,992,1077.3934210526309,1141.508770250461,1383.794177799982,,,,,865.1448361518501
1946-03-01,1586.4480027377367,979,1214.0776315789476,1175.331527981523,1461.524347070528,,,,,1051.1200765685408
1946-04-01,1597.120406772659,959,1322.130263157895,1314.3866779007913,1522.3273887682385,,,,,1130.5427014066324
1946-05-01,1607.7928108075814,1110,1385.025,1452.3128203793417,1578.896412098598,,,,,1127.361880792568
1946-06-01,1618.4652148425037,1546,1539.498684210526,1419.9578897547,1697.8541092852854,,,,,1275.653003236293
1946-07-01,1629.137618877426,1539,1929.709210526316,2084.601553405485,1928.407203938412,,,,,1769.1612751264547
1946-08-01,1639.8100229123484,3401,3034.4986842105254,2875.01961501091,2689.618758479073,,,,,2785.709753677783
1946-09-01,1650.4824269472708,2092,2284.7092105263164,2421.1721519285466,2154.39828620187,,,,,2273.2374849532125
1946-10-01,1661.154830982193,1436,1815.656578947368,1728.0364442026853,1859.8438730759144,,,,,1734.2974509318592
1946-11-01,1671.8272350171155,1301,1636.130263157895,1666.5592805833594,1747.076219019913,,,,,1440.6289699793922
1946-12-01,1682.4996390520378,1287,1397.6039473684214,1421.7810218224608,1598.0526718014023,,,,,1148.3764464670362
1947-01-01,1693.1720430869602,1488,1220.817543859644,1163.5766744018683,1457.005032607141,,,,,1058.7752135260293
1947-02-01,1703.8444471218825,1517,1203.18596491228,1267.2359497266932,1450.3961475581298,,,1276.1777503052588,1610.1722230265266,1206.7004778863097
1947-03-01,1714.516851156805,1707,1339.8701754385968,1301.058707457755,1531.8674674030217,,,1496.0540310209276,1547.4527937660102,1463.3443258807902
1947-04-01,1725.1892551917272,1729,1447.9228070175438,1440.1138573770231,1595.5969575634597,,,1428.2966023109682,1607.5870666421374,1664.4138240210987
1947-05-01,1735.8616592266496,1788,1510.817543859649,1578.0399998555738,1654.888646187213,,,1741.9061411199896,1812.869162949018,1752.1973651978049
1947-06-01,1746.534063261572,2008,1665.291228070175,1545.685069230932,1779.5717735553765,,,1782.3695744805143,2220.370679746465,1920.9691517794324
1947-07-01,1757.2064672964943,2203,2055.5017543859644,2210.3287328817173,2021.22138132012,,,2084.0259053805203,2166.276060592021,2343.858206559005
1947-08-01,1767.8788713314166,3713,3160.291228070175,3000.746794487142,2819.070023766202,,,2454.819554743604,3927.253015809028,3394.809070486232
1947-09-01,1778.551275366339,2946,2410.5017543859653,2546.8993314047784,2258.089407183998,,,2414.5396458484256,2613.716894714255,2767.884685437789
1947-10-01,1789.2236794012613,2082,1941.4491228070167,1853.7636236789167,1949.358099524252,,,2069.4525846266065,2107.807727825913,2367.3787913978667
1947-11-01,1799.8960834361835,2033,1761.9228070175438,1792.2864600595913,1831.162941865745,,,1813.9359977721813,1951.6294928418608,2078.686989421361
1947-12-01,1810.568487471106,1937,1523.3964912280703,1547.5082012986927,1674.9668960601407,,,1648.060093023474,1961.3113219732145,1822.623907884245
1948-01-01,1821.2408915060284,1711,1346.6100877192932,1289.3038538781002,1527.130638478274,,,1661.701645690199,2174.555674999736,1723.6817807786438
1948-02-01,1831.913295540951,1775,1328.9785087719292,1392.963129202925,1520.2036680020867,,,1645.5249507798258,2000.7149096116127,1701.3705653556722
1948-03-01,1842.5856995758727,1902,1465.662719298246,1426.7858869339868,1605.5961998794587,,,1842.990155965542,1989.0801022163569,1866.841560203241
1948-04-01,1853.258103610796,1846,1573.715350877193,1565.8410368532552,1672.392988374045,,,1918.458159101891,1955.2961283916304,1987.591285237965
1948-05-01,1863.9305076457176,2083,1636.6100877192985,1703.7671793318057,1734.5383840851523,,,2110.1347479402216,2012.9044631526644,1995.9487037697388
1948-06-01,1874.60291168064,2262,1791.0837719298245,1671.412248707164,1865.2225064072968,,,2199.613357862117,2361.9825153432885,2184.4631064644473
1948-07-01,1885.2753157155623,2193,2181.2942982456134,2336.055912357949,2118.502702106731,,,2554.259745646462,2434.3513099071856,2603.6947876167237
1948-08-01,1895.9477197504848,3792,3286.0837719298243,3126.4739739633737,2954.751774333675,,,2916.836922802096,3960.635168964994,3550.6960090627267
1948-09-01,1906.620123785408,2343,2536.2942982456143,2672.6265108810103,2366.771178520516,,,2949.890544844909,2895.135254138434,2894.1523272340864
1948-10-01,1917.2925278203293,2313,2067.241666666667,1979.490803155149,2043.180642844044,,,2479.215872129312,1904.6661938317395,2212.709318068047
1948-11-01,1927.964931855252,2179,1887.715350877193,1918.0136395358231,1919.296756007296,,,2250.6742095087548,1982.2973318685436,2072.589676735621
1948-12-01,1938.6373358901744,1975,1649.1890350877195,1673.2353807749246,1755.5829994857638,,,1981.742233628244,2000.2549222828131,1875.1193227451668
1949-01-01,1949.309739925097,1880,1472.4026315789424,1415.031033354332,1600.6313875292446,1756.9853313260585,,1958.7209963259247,1989.0276080837937,1770.5931003085939
1949-02-01,1959.982143960019,1930,1454.7710526315784,1518.690308679157,1593.37102218439,1751.8826012090776,,1836.467466389168,2002.8695117568136,1795.3143318434031
1949-03-01,1970.654547994941,2060,1591.4552631578952,1552.5130664102187,1682.8734939046312,1865.0554946911504,,2017.376562536192,2074.7744681893646,1984.3061318389323
1949-04-01,1981.326952029864,1843,1699.507894736842,1691.568216329487,1752.8852097046124,1956.2137090237968,,2052.8495156606014,2050.8782511857767,2120.671394506754
1949-05-01,1991.999356064786,2052,1762.4026315789474,1829.4943588080373,1818.0216613344128,1992.498065164682,,2243.556127851381,2114.590608832863,2076.6064222275845
1949-06-01,2002.6717600997083,2039,1916.8763157894728,1797.139428183396,1954.995606306776,2123.0391285629107,,2261.6593196742806,2356.190373340931,2222.106716648072
1949-07-01,2013.3441641346308,2351,2307.086842105263,2461.783091834181,2220.4661697682213,2346.001455629036,,2563.53668341341,2269.5406809956426,2540.9301803992844
1949-08-01,2024.016568169553,3394,3411.8763157894728,3252.201153439605,3096.96388323984,3567.1450679795043,,2823.124731487675,3921.154596988556,3572.976957576858
1949-09-01,2034.688972204476,3581,2662.086842105264,2798.353690357242,2480.683800054225,2737.999008738362,,2772.2068539495986,2539.547260346906,2754.5276728515937
1949-10-01,2045.3613762393973,2489,2193.034210526316,2105.217982631381,2141.5188621892635,2493.380112435032,,2644.490449014659,2488.582938755924,2603.7895434132884
1949-11-01,2056.03378027432,2468,2013.507894736842,2043.740819012055,2011.6724478198869,2226.131034227177,,2457.2126471536235,2378.54979309494,2380.814151234254
1949-12-01,2066.7061843092424,2134,1774.981578947369,1798.9625602511564,1840.079153404812,2001.111132683759,,2251.237403935553,2300.3574994054147,2175.9379175695576
1950-01-01,2077.3785883441647,1903,1598.1951754385914,1540.758212830564,1677.669725293935,1948.9997354408551,,2030.7855656007475,2192.6676082246304,2016.7786569755986
1950-02-01,2088.050992379087,1719,1580.5635964912276,1644.4174881553888,1670.0599187959876,1875.2435624879429,2024.021639866616,1989.338688681565,2124.797984902939,1955.5217059690813
1950-03-01,2098.7233964140096,1617,1717.2478070175443,1678.2402458864506,1763.870141632994,2034.120414682517,2125.964444249939,1948.5772762672093,2062.1080581316724,2001.5126063997577
1950-04-01,2109.395800448932,1818,1825.3004385964912,1817.295395805719,1837.251519087312,1847.853317942013,1867.3837935033607,2025.613605782668,1795.4940151781766,1960.591682329579
1950-05-01,2120.068204483854,2067,1888.1951754385968,1955.2215382842687,1905.5229860620225,2017.1082447018389,2033.7581655871527,2117.8539763710387,1973.9740340803824,1968.5637160495346
1950-06-01,2130.7406085187768,2457,2042.6688596491224,1922.866607659628,2049.089482648678,2206.723741313156,2329.723864011254,2286.170064465068,2197.2294771224747,2161.463978506212
1950-07-01,2141.413012553699,2600,2432.879385964912,2587.5102713104134,2327.3371358847367,2474.6197514786927,2532.7895862484124,2588.361436846366,2433.6559515369067,2664.6758647279776
1950-08-01,2152.085416588621,3530,3537.668859649122,3377.928332915837,3246.0206564238,3767.99210283336,3900.996608890375,3081.0918475777858,3949.8979011005567,3744.9745923350506
1950-09-01,2162.7578206235435,2693,2787.879385964913,2924.080869833474,2600.079032438719,3064.140137061712,2837.859600585187,3243.6129975611752,3017.127380602348,2912.657872554777
1950-10-01,2173.4302246584657,2448,2318.8267543859647,2230.9451621076128,2244.590096903368,2236.827765316588,2059.822887026102,2843.0222199236355,2208.3731368415765,2358.9170819439437
1950-11-01,2184.1026286933884,2250,2139.3004385964914,2169.467998488287,2108.4941787408907,2136.2630047859384,2300.9803714506647,2516.706071739288,2226.341673167531,2214.479853117092
1950-12-01,2194.77503272831,1972,1900.774122807018,1924.6897397273883,1928.6421045241068,2070.879912988533,2213.0950421194693,2171.6087798687263,2054.1811306530435,1989.7003460777833
1951-01-01,2205.447436763233,1682,1723.9877192982408,1666.4853923067958,1758.4159158046004,1917.1138759544551,1914.787688931116,1987.3984990200456,1919.5634246272425,1839.878169734251
1951-02-01,2216.119840798156,1730,1706.3561403508768,1770.144667631621,1750.4398495619796,1735.5424642695727,1751.4714699540973,1780.8889509880428,1810.8788771473364,1761.6326823073232
1951-03-01,2226.792244833078,1814,1843.0403508771933,1803.967425362683,1848.7651554399688,1889.7115950571613,1891.6164538752848,1885.0314647032887,1830.5332455151683,1886.5533582135163
1951-04-01,2237.464648868,1900,1951.0929824561404,1943.0225752819508,1925.6783762568543,1823.079669047416,1730.0785964421743,1957.9806956221487,1820.7451632403647,1965.809069166499
1951-05-01,2248.1370529029223,2051,2013.9877192982456,2080.948717760501,1997.2357467653,2178.995010539182,2110.686682848865,2239.298767803985,2044.8537824861407,2003.3602101957379
1951-06-01,2258.8094569378445,2290,2168.461403508772,2048.59378713586,2147.712094265732,2274.7055886254693,2305.556644417152,2399.720687437305,2286.6702558093807,2176.692045773081
1951-07-01,2269.481860972767,2599,2558.671929824561,2713.237450786645,2439.3517982008075,2551.020925230952,2425.459535971668,2743.4183194416737,2418.8125914059083,2609.703878435824
1951-08-01,2280.154265007689,3428,3663.461403508772,3503.655512392069,3402.2515273595136,3329.602113908614,3567.306859897942,2961.34429009541,3802.452722078826,3710.7943336028857
1951-09-01,2290.826669042612,2262,2913.6719298245616,3049.808049309706,2725.2207535598413,3187.8107290962657,2808.5640140825435,2928.178295496009,2866.992542924715,2852.351290140603
1951-10-01,2301.4990730775344,2242,2444.619298245614,2356.672341583845,2352.622146865502,2276.7480493781823,2147.641642806577,2558.048462009089,2053.8451083538894,2155.8075923881797
1951-11-01,2312.1714771124566,2103,2265.0929824561404,2295.1951779645187,2209.9759364911606,2150.355121842837,2202.41191255191,2327.2194696349816,2019.4255447409091,2010.256846905844
1951-12-01,2322.843881147379,1825,2026.5666666666675,2050.41691920362,2021.4675876635304,1914.7914485256608,1827.772711088236,1995.0018953380927,1846.693534193546,1807.5214638101593
1952-01-01,2333.516285182301,1670,1849.7802631578893,1792.2125717830277,1843.0484178959568,1690.7801755529183,1670.631490024232,1885.552547959633,1687.60909377452,1671.251312993612
1952-02-01,2344.188689217224,1681,1832.148684210526,1895.8718471078528,1834.688463838804,1688.7989047230203,1750.8309580792934,1791.4083185531597,1687.5152570393768,1653.3434777016428
1952-03-01,2354.861093252146,1713,1968.8328947368427,1929.6946048389143,1937.746163560909,1650.5938725414526,1534.8962090310686,1936.615113245652,1746.365230504917,1801.1042429596878
1952-04-01,2365.5334972870683,1954,2076.8855263157893,2068.7497547581825,2018.3612152490537,1886.5075222082703,1751.925542226316,1985.3433836728304,1751.7112240718293,1874.3692579762826
1952-05-01,2376.2059013219905,1876,2139.780263157895,2206.6758972367334,2093.3626397237854,1929.3819546239088,1872.5041389002024,2208.630777211752,2017.960336546782,1967.9484450046878
1952-06-01,2386.878305356913,2272,2294.253947368421,2174.320966612091,2251.081409042666,2184.9042252982936,2179.163067578133,2292.7919630218576,2197.099299256146,2087.506448116107
1952-07-01,2397.5507093918354,2612,2684.46447368421,2838.964630262877,2556.7577226508934,2682.8766858624303,2544.2709947420667,2660.409618682458,2404.100674699921,2547.941239509089
1952-08-01,2408.2231134267577,3590,3789.25394736842,3629.3826918683008,3566.0017851435605,3458.0366096837965,3711.412962420473,2814.8601890376403,3679.368936154464,3677.832643594654
1952-09-01,2418.89551746168,2496,3039.464473684211,3175.5352287859378,2856.3855417376885,2922.9559644103683,2584.1914151075207,2749.944567855044,2766.999411526871,2894.4950506033583
1952-10-01,2429.567921496602,2441,2570.4118421052635,2482.399521060077,2465.8537759557453,2444.594945034123,2316.685031456782,2435.9428236019307,2229.773317228812,2271.8604849245535
1952-11-01,2440.240325531525,2340,2390.8855263157893,2420.9223574407506,2316.342008013752,2319.6663536666583,2313.308179237738,2289.9304237514684,2198.883386812724,2158.263606230395
1952-12-01,2450.912729566447,2090,2152.359210526316,2176.144098679852,2118.760758353618,2097.9987177889425,2169.8138332048857,1984.8928344927515,2032.941469053248,1989.81125294185
1953-01-01,2461.5851336013693,1812,1975.572807017539,1917.93975125926,1931.754279620757,1870.1674490490968,1778.8457364319074,1910.661934281321,1906.0495201496517,1885.4037088022983
1953-02-01,2472.257537636292,1788,1957.941228070175,2021.5990265840849,1922.991961240769,1767.3638896068971,1669.801704218867,1777.9294359104117,1874.2972395812756,1839.7004733496951
1953-03-01,2482.9299416712142,1837,2094.625438596492,2055.4217843151464,2031.0098247721685,1884.5943228647584,1872.4707345446463,1948.069768197888,1892.2496155521085,1956.8903971982331
1953-04-01,2493.6023457061365,1993,2202.6780701754387,2194.4769342344143,2115.504876333648,2073.0381180437244,1939.2559540240552,1986.8406983162968,1941.6518481416056,2017.9103735473575
1953-05-01,2504.2747497410587,2021,2265.572807017544,2332.403076712965,2194.116116982506,2117.768549868349,2037.575850836017,2188.523985585304,2081.8021733631767,2071.216994322497
1953-06-01,2514.947153775981,2199,2420.04649122807,2300.048146088323,2359.4258856515708,2355.043184710853,2201.144427104181,2299.0981648279144,2333.040456497326,2206.8512809445974
1953-07-01,2525.619557810904,2622,2810.2570175438595,2964.691809739109,2679.814390510008,2754.4561202682144,2626.7055863508544,2708.0269450519813,2491.32296937992,2593.1887185716146
1953-08-01,2536.291961845826,3787,3915.0464912280695,3755.1098713445326,3737.633337625755,3457.312830781083,3681.053750656524,2934.360607909583,3683.514778007352,3709.501671460712
1953-09-01,2546.964365880748,2914,3165.2570175438605,3301.2624082621696,2993.8632869980984,2794.219346408732,2836.7953561940403,2933.3363391489925,2799.894168439894,2989.854832988427
1953-10-01,2557.636769915671,2487,2696.204385964912,2608.126700536309,2584.5352397521315,2576.976901951002,2346.821655734263,2679.6068181101123,2514.007432755281,2491.5115518332814
1953-11-01,2568.309173950593,2314,2516.6780701754387,2546.6495369169825,2427.827475175154,2353.2408683280973,2379.7632693777505,2512.639977998702,2387.0163195299115,2311.018753205331
1953-12-01,2578.981577985516,2139,2278.151754385965,2301.871278156084,2220.7366462540617,2061.546101370396,2079.97964317064,2175.882426139147,2124.627721953955,2073.7042258302095
1954-01-01,2589.653982020437,2124,2101.365350877188,2043.666930735492,2024.7295516485824,1876.6698798053983,1825.266528708928,2010.2928414309213,1949.0737137299056,1955.854797559773
1954-02-01,2600.32638605536,2214,2083.7337719298243,2147.3262060603165,2015.5455031637,1967.8708453217275,1954.777654269801,1905.2628675236765,2024.0097228531915,2003.2038935107407
1954-03-01,2610.9987900902825,2234,2220.417982456141,2181.1489637913783,2128.7622630307496,2178.254884913496,2168.591449911984,2076.6980325258164,2157.660478379588,2221.5158576691756
1954-04-01,2621.6711941252047,2279,2328.470614035088,2320.204113710646,2217.324058736042,2375.559505296319,2377.40776675952,2177.55612379588,2282.26560870728,2333.530721382066
1954-05-01,2632.343598160127,2423,2391.365350877193,2458.130256189197,2299.718855896657,2328.309845162451,2392.548704802045,2330.6394170437097,2378.0578394068425,2375.426641074654
1954-06-01,2643.0160021950496,2290,2545.839035087719,2425.775325564555,2472.9849784731555,2552.6617511246523,2597.718705655828,2452.3322307063668,2650.7695141485788,2548.7328853623144
1954-07-01,2653.6884062299714,2903,2936.0495614035085,3090.418989215341,2808.7937718786693,2885.8157768206383,2710.3254474551977,2803.7213163706697,2762.080816750986,2838.4227410265316
1954-08-01,2664.360810264894,4485,4040.839035087719,3880.837050820765,3917.525511269209,3827.2381146228727,3943.3418996065097,3135.6186813746363,3965.223528125175,3968.5138872363027
1954-09-01,2675.0332142998163,3085,3291.04956140351,3426.989587738401,3137.957831764638,3364.928689782356,3289.761812733772,3211.500312880015,3270.371876459315,3417.979120392257
1954-10-01,2685.7056183347386,2852,2821.996929824561,2733.8538800125407,2708.9288386257062,2753.443717235097,2826.5784415548933,2870.81644076278,2836.0258357307544,2820.5833770242493
1954-11-01,2696.3780223696613,2629,2642.470614035088,2672.376716393215,2544.678734324612,2590.5654015103023,2641.662978404745,2648.822059348417,2713.722268561872,2653.931255267323
1954-12-01,2707.0504264045835,2435,2403.944298245615,2427.598457632316,2327.6206303952367,2354.80559131602,2341.9053805658177,2367.3790006724907,2459.6996593897807,2405.8639433782305
1955-01-01,2717.7228304395057,2227,2227.157894736837,2169.394110211724,2122.179720561505,2253.878312820817,2321.09306052022,2317.1942153059026,2306.8613823829023,2274.08464060151
1955-02-01,2728.3952344744284,1944,2209.5263157894733,2273.0533855365484,2112.553644115196,2221.841163822959,2343.983280148002,2200.80755790051,2294.402992071255,2238.520348205429
1955-03-01,2739.06763850935,2125,2346.21052631579,2306.87614326761,2231.21952303315,2070.968560954859,2087.372881279688,2305.906669901441,2191.689394033947,2262.1683249997614
1955-04-01,2749.740042544273,2260,2454.263157894737,2445.931293186878,2324.0437951485314,2289.439205691041,2289.212246765095,2360.9025131395942,2244.862085027897,2316.5322934394135
1955-05-01,2760.412446579195,2299,2517.1578947368425,2583.857435665429,2410.404251275456,2343.4390846646543,2430.066166968828,2512.282154744408,2359.25995184369,2357.657143846487
1955-06-01,2771.0848506141174,2323,2671.6315789473683,2551.502505040787,2592.009666819857,2345.2596276970808,2414.1804056779883,2578.0594468571426,2497.958396282829,2490.0400161419316
1955-07-01,2781.75725464904,2659,3061.842105263157,3216.1461686915727,2943.9809267696887,2931.0918537264847,2751.164270583754,3051.963028062583,2768.702218046081,2815.05288448358
1955-08-01,2792.4296586839623,3761,4166.631578947368,4006.564230296997,4106.07588950764,3840.737409198208,3870.869540137244,3429.6419801544907,3967.4133618124433,3860.15027468354
1955-09-01,2803.102062718885,2779,3416.8421052631584,3552.7167672146334,3288.987642387053,3011.8679874673926,2793.3851324149355,3374.432337124458,2853.174701249858,3072.4527698492593
1955-10-01,2813.7744667538072,2761,2947.789473684211,2859.581059488773,2839.309497456027,2487.3450373338346,2659.719633667991,2969.363020275641,2494.31188805974,2490.283835209062
1955-11-01,2824.446870788729,2446,2768.263157894737,2798.1038958694467,2667.1540408598203,2462.151543472872,2450.2213455877545,2779.7539826739794,2456.2442282930338,2415.8175161335316
1955-12-01,2835.119274823652,2278,2529.736842105264,2553.325637108548,2439.64893729308,2261.124667831291,2219.459355123657,2471.933587328354,2239.2855856651945,2188.9817713518487
1956-01-01,2845.791678858574,1879,2352.9504385964865,2295.121289687955,2224.320163004255,2113.543420127469,2145.8322467866788,2294.1292511669235,2097.790587001826,2080.270987857212
1956-02-01,2856.464082893496,1881,2335.3188596491227,2398.78056501278,2214.2307838047964,1883.1141351800209,1888.3496667751049,2066.7604924418374,1956.6761126936103,1985.3092052843353
1956-03-01,2867.136486928419,2165,2472.0030701754395,2432.603322743842,2338.6080477002374,2019.847489248789,1980.241084802748,2175.6621353496234,2001.297880646241,2082.232570556716
1956-04-01,2877.808890963341,2199,2580.055701754386,2571.65847266311,2435.899949079734,2338.4056460693823,2321.076969418326,2267.4183174660907,2164.1911730443403,2221.3227942489957
1956-05-01,2888.481294998264,2308,2642.9504385964915,2709.584615141661,2526.416931212867,2352.8948556917817,2328.5717095717973,2433.527504402595,2271.057946671726,2275.6262329570563
1956-06-01,2899.153699033186,2529,2797.4241228070177,2677.229684517019,2716.763009630435,2331.238381292732,2435.219030563671,2498.57703033827,2418.665832769381,2443.077110504437
1956-07-01,2909.826103068108,2573,3187.634649122807,3341.8733481678046,3085.674635125224,2888.212117855541,2749.1037314458395,2872.6015668350715,2808.005182652497,2865.539344306302
1956-08-01,2920.4985071030305,3946,4292.424122807017,4132.291409773228,4303.701191452779,3910.286884675915,3912.400133339511,3100.5240310808217,3920.896583994932,3858.0578045239513
1956-09-01,2931.1709111379528,3200,3542.634649122808,3678.443946690865,3447.2865129903707,3224.2700393717187,3006.189636686819,3157.7723775074546,2914.863274896463,3142.434276123052
1956-10-01,2941.843315172875,2574,3073.58201754386,2985.3082389650044,2975.9653732483603,2875.0625214787106,2932.341474907649,2893.2117765922017,2778.9387521602785,2695.4888415142755
1956-11-01,2952.5157192077977,2422,2894.055701754386,2923.8310753456785,2795.524080002552,2469.510181208523,2451.047508238514,2677.723722750884,2503.808205040482,2469.9326664045393
1956-12-01,2963.1881232427195,2446,2655.5293859649128,2679.05281658478,2557.069163038227,2299.308557167009,2356.7046173988906,2308.2157369681067,2266.8320604779265,2213.004478592304
1957-01-01,2973.860527277642,2828,2478.742982456136,2420.8484691641875,2331.376621692625,2147.1928038648257,2106.67048199079,2176.010532752448,2129.4733648027595,2159.758332431505
1957-02-01,2984.5329313125644,2879,2461.111403508772,2524.507744489012,2320.801640993244,2370.743007378958,2431.778136072342,2186.949502965693,2388.032972012097,2399.7605095638105
1957-03-01,2995.2053353474867,2800,2597.7956140350884,2558.330502220074,2451.1651786434536,2790.65561939507,2816.5535923715606,2417.6069464730645,2719.608489818509,2721.4854123177147
1957-04-01,3005.8777393824093,2835,2705.8482456140355,2697.3856521393423,2553.1397361414283,2707.586574606359,2708.4165207360134,2529.2615952315764,2833.645469473816,2858.9373059553664
1957-05-01,3016.550143417332,2585,2768.7429824561405,2835.3117946178927,2648.0132977452263,2802.9670603006143,2876.9118857372173,2675.1620942453173,2930.218573335681,2912.618783348912
1957-06-01,3027.222547452254,2787,2923.2166666666662,2802.956863993251,2847.520726862004,2732.4272597954964,2827.020398783104,2706.064859326704,2936.5989047673447,2941.3890685079205
1957-07-01,3037.8949514871765,3334,3313.4271929824563,3467.6005276440364,3234.1880571565457,3189.177703220192,3189.9789292887094,2984.0285544095536,3147.853346493772,3271.2754846778485
1957-08-01,3048.5673555220983,4746,4418.216666666666,4258.01858924946,4510.838192893953,4468.214732142164,4642.707132682014,3311.85223892272,4475.492238663859,4400.652895042728
1957-09-01,3059.239759557021,3613,3668.427192982457,3804.171126167097,3613.20430320024,3907.1037424036967,3640.386529954588,3461.8410921964933,3634.994228733742,3784.189933413765
1957-10-01,3069.912163591943,3463,3199.374561403509,3111.0354184412363,3119.198491995469,3287.595678633481,3249.781250941672,3118.767321195823,3284.8494808291166,3249.120536154274
1957-11-01,3080.584567626865,3274,3019.8482456140355,3049.5582548219104,2930.0725650456907,3038.346640598741,3163.1508879366406,2974.753419833132,3179.996259090071,3152.7589102233574
1957-12-01,3091.256971661788,2801,2781.321929824562,2804.779996061012,2680.1408205132743,3047.3837259232264,2969.544511338064,2846.034898213807,3069.061869997255,2961.001839697396
1958-01-01,3101.9293756967104,2488,2604.5355263157844,2546.57564864042,2443.5857043321307,2815.839665105193,2840.455602534852,2876.242305750199,2878.495443550641,2756.360597205309
1958-02-01,3112.6017797316326,2386,2586.9039473684206,2650.234923965244,2432.501750148085,2581.894957007846,2648.089960892867,2746.628484966503,2696.414614301292,2635.553761012931
1958-03-01,3123.274183766556,2428,2723.5881578947374,2684.0576816963057,2569.139680718453,2576.579006536273,2526.8548535355867,2793.4741163372046,2642.951755708523,2676.5242989067947
1958-04-01,3133.946587801477,2678,2831.6407894736844,2823.112831615574,2676.0222704249304,2612.6932660370403,2588.123269428181,2743.784608363907,2621.876967652865,2687.99040068059
1958-05-01,3144.6189918364,2744,2894.53552631579,2961.038974094125,2775.462093530732,2684.955824223492,2608.302290924919,2856.401622538393,2662.836096018538,2747.0446700482617
1958-06-01,3155.291395871322,2772,3049.009210526316,2928.6840434694827,2984.5718088644417,2849.673224127441,2805.0460539625524,2985.017340261667,2860.768335331701,2900.851237923311
1958-07-01,3165.9637999062443,3520,3439.2197368421057,3593.3277071202683,3389.849425465929,3187.588497593958,3199.444362160854,3489.19024987628,3159.774157913933,3240.575639545805
1958-08-01,3176.636203941167,3833,4544.009210526316,4383.745768725692,4727.944691625332,4277.377804401861,4528.426875967996,3920.572838528441,4598.116549095121,4453.432729867029
1958-09-01,3187.308607976089,3377,3794.2197368421066,3929.898305643329,3787.10771137496,3381.7087202236903,3055.56162828788,3866.579138101803,3279.2912241699287,3464.920625931126
1958-10-01,3197.9810120110114,3013,3325.167105263158,3236.762597917468,3269.32541619154,3003.124345299581,3148.770732246099,3546.7437478935854,3023.196858993925,2961.9292171658185
1958-11-01,3208.653416045934,2871,3145.640789473685,3175.2854342981423,3071.096864393884,2814.3083292819656,2825.3852953857067,3228.337929070527,2836.7110289404404,2802.8485035646886
1958-12-01,3219.325820080856,2592,2907.114473684211,2930.507175537244,2809.135912947609,2556.158635865077,2534.031281465758,2881.7950637343147,2627.149934346032,2590.6396313383325
1959-01-01,3229.9982241157786,2375,2730.328070175434,2672.3028281166507,2561.1954065496343,2619.765191804312,2581.0741058277945,2606.032813626313,2481.362087653992,2448.1602491957788
1959-02-01,3240.670628150701,2304,2712.69649122807,2775.962103441476,2549.5779820033003,2416.157547571292,2372.469440604966,2499.566983130896,2400.123803343721,2402.5508021352357
1959-03-01,3251.343032185623,2464,2849.380701754387,2809.7848611725376,2692.792291825479,2572.8092813563026,2587.4439032420864,2538.498433512287,2429.1330976199274,2501.6924876452404
1959-04-01,3262.015436220546,2557,2957.4333333333334,2948.840011091806,2804.8191371745265,2769.759340173461,2695.8619554941683,2690.6164791453243,2554.611843856659,2594.3777158932908
1959-05-01,3272.687840255468,2739,3020.32807017544,3086.7661535703564,2909.0449958031663,2559.185245637483,2550.999536033798,2801.6662015681422,2583.936131912526,2642.881519443017
1959-06-01,3283.3602442903903,2714,3174.801754385965,3054.4112229457146,3128.219155083976,2786.3765574848444,2777.269961257688,3021.907774549009,2782.292884356541,2834.8888902348585
1959-07-01,3294.032648325313,3102,3565.012280701754,3719.0548865965,3553.002770480356,3264.3477164391634,3193.96883598922,3323.4946549565693,3183.4422158540674,3177.680641703995
1959-08-01,3304.7050523602347,3961,4669.801754385965,4509.472948201924,4955.500519234358,4105.243297872778,4161.168605338418,3536.1269039828367,4213.987423436263,4253.739978833474
1959-09-01,3315.3774563951574,3772,3920.012280701755,4055.625485119561,3969.3810850531527,3499.455567443184,3306.0262344260595,3490.063532497753,3234.2059997696297,3391.4655561641466
1959-10-01,3326.04986043008,3245,3450.959649122808,3362.4897773937,3426.677944473536,3250.6383272364787,3211.098249406512,3314.279786009104,3149.007585873481,3068.9379556412737
1959-11-01,3336.722264465002,3104,3271.4333333333334,3301.012613774374,3218.908658783634,3067.618724097126,3171.469785738653,3068.028876936459,3016.5357432273468,2958.007855636802
1959-12-01,3347.3946684999246,2869,3032.90701754386,3056.234355013476,2944.3395350773926,2813.402036890544,2988.646335347217,2818.811831983301,2816.966249683918,2775.7856793984142
1960-01-01,3358.067072534847,2513,2856.1206140350832,2798.0300075928826,2684.4656599936275,2681.021814538913,2614.905157003831,2609.190549022473,2688.4789163292057,2668.6913641256474
1960-02-01,3368.739476569769,2385,2838.4890350877195,2901.689282917708,2672.289089173436,2523.676039018633,2497.8750547901545,2498.917315193786,2570.140719457894,2591.288303845918
1960-03-01,3379.411880604692,2756,2975.173245614036,2935.512040648769,2822.3962991716185,2691.3650734752864,2675.7838292976967,2534.750376498547,2582.0289235229798,2648.926073390392
1960-04-01,3390.084284639613,2927,3083.225877192983,3074.567190568038,2939.8149930236714,2854.2289332944665,2779.4468044670302,2699.140922327196,2762.2837323294143,2797.3799336974935
1960-05-01,3400.756688674536,2940,3146.1206140350887,3212.4933330465883,3049.0572389126173,3027.287049202086,2988.699099464572,2861.4556143587583,2895.106514741329,2910.216600072432
1960-06-01,3411.4290927094585,3180,3300.5942982456145,3180.1384024219465,3278.7802435075446,3031.666153867463,2989.2290909143576,3017.4396299053524,3011.075202685469,3076.669585731014
1960-07-01,3422.1014967443807,3791,3690.804824561404,3844.782066072732,3724.0086808003175,3698.185289640107,3558.539140563283,3333.765958713872,3502.9606154635835,3505.8377523222266
1960-08-01,3432.7739007793034,4093,4795.594298245614,4635.200127678156,5194.008601587511,4445.741745839442,4593.87446661346,3750.6676886127743,4642.941838888943,4720.905259493347
1960-09-01,3443.4463048142256,4309,4045.804824561405,4181.352664595793,4160.427270408246,4005.403099599872,3648.59802038938,3800.8098832044657,3692.844136965659,3729.514499223891
1960-10-01,3454.118708849148,3532,3576.752192982456,3488.216956869932,3591.603844936261,3688.254257149357,3565.5780204731054,3631.550333568842,3592.0939526548705,3483.6291803336094
1960-11-01,3464.7911128840706,3408,3397.225877192983,3426.7397932506065,3373.8346301353763,3417.9512275501133,3485.579362564868,3316.626236197278,3400.9163828743303,3323.5083549548094
1960-12-01,3475.4635169189924,2839,3158.699561403509,3181.9615344897074,3086.050503239373,3146.2342683117845,3138.172174670673,3066.415610143276,3167.71801661848,3117.594228234896
1961-01-01,3486.135920953915,2792,2981.913157894732,2923.7571870691145,2813.668906814575,2725.1101743659383,2775.704940281466,2733.49339556688,2831.647529069497,2867.267421757582
1961-02-01,3496.8083249888373,2798,2964.281578947368,3027.41646239394,2800.906278028153,2701.1770249476813,2726.2781530234697,2725.2990525410987,2751.719571204264,2820.846224734943
1961-03-01,3507.4807290237595,3007,3100.965789473685,3061.2392201250013,2958.238143268543,3023.7933590994307,2838.474989443676,2808.0752473915463,2925.1368082490862,2949.1517238543015
1961-04-01,3518.153133058682,3086,3209.018421052632,3200.2943700442697,3081.3081951205345,3111.6224922618444,3023.7482160916616,3032.744226218561,3081.037040795875,3078.642296283343
1961-05-01,3528.8255370936045,3201,3271.913157894737,3338.22051252282,3195.8082668290485,3236.9052761325065,3066.5092200699064,3157.8382859313783,3134.9460217266064,3144.3796078195455
1961-06-01,3539.4979411285267,3428,3426.386842105263,3305.8655818981783,3436.587832327501,3342.5309387490893,3308.685804416366,3431.7233717191607,3292.296412936233,3321.171057369953
1961-07-01,3550.1703451634494,3754,3816.597368421053,3970.509245548964,3903.245100144172,3787.1177149173527,3882.78336434224,3738.0148384242407,3813.35042071691,3751.6869684771877
1961-08-01,3560.842749198371,4917,4921.386842105263,4760.927307154388,5443.996070357239,4315.397318412712,4353.964724754324,4063.818033151524,4644.039148141293,4857.791951812027
1961-09-01,3571.515153233294,3760,4171.597368421054,4307.079844072025,4360.66850258718,4549.890023406755,4352.641868569316,4183.91915073451,4253.548740888648,4131.099114995308
1961-10-01,3582.187557268216,3609,3702.5447368421055,3613.944136346164,3764.467623741867,3610.739295425845,3652.193352045113,3861.579785495532,3589.4109575554226,3519.0183359852067
1961-11-01,3592.8599613031383,3471,3523.018421052632,3552.4669727268383,3536.217183559991,3340.70127992283,3386.222272688427,3496.152525404109,3441.3908214709627,3374.9273327172687
1961-12-01,3603.532365338061,3347,3284.492105263159,3307.68871396594,3234.582015791072,3168.9102365167746,3056.5896521824825,3146.262132912428,3142.229091429707,3173.4745844970403
1962-01-01,3614.204769372983,3333,3107.705701754381,3049.4843665453463,2949.090701794979,2992.223238666973,3053.7586097814537,3057.467657473569,3065.722032910137,3097.318660044189
1962-02-01,3624.8771734079055,3456,3090.0741228070174,3153.1436418701715,2935.713808091053,3114.1941165023864,3162.037140944762,3029.1612275959333,3131.2237696578377,3170.684826482001
1962-03-01,3635.549577442828,3569,3226.758333333334,3186.966399601233,3100.61805100064,3368.8144612961155,3395.560193451192,3220.8368693856523,3434.867744682977,3417.7039079086276
1962-04-01,3646.22198147775,3900,3334.8109649122816,3326.0215495205016,3229.6114605333296,3568.8109130010607,3621.87637996804,3346.879774416808,3603.272828891308,3583.193554370282
1962-05-01,3656.8943855126727,3909,3397.7057017543866,3463.947691999052,3349.6224170508544,3688.521632143085,3775.7989135621833,3579.491307636631,3794.8389170163337,3768.140373979989
1962-06-01,3667.5667895475945,4098,3552.1793859649124,3431.59276137441,3601.9906953773984,3842.952251669706,3963.552038251322,3726.804167641761,3994.645863061,3977.3834585392215
1962-07-01,3678.239193582517,4826,3942.3899122807024,4096.236425025196,4091.108162649424,4559.263822757386,4637.75284648051,4132.53353630841,4470.808027382686,4413.210791706102
1962-08-01,3688.91159761744,5770,5047.179385964912,4886.654486630619,5706.015428046575,5198.957856950467,5441.677348160684,4396.318509160862,5546.380089429117,5677.44426768326
1962-09-01,3699.5840016523616,5108,4297.389912280703,4432.807023548256,4570.547338901094,5087.22869712017,5046.758907435255,4438.462217548215,4987.406748505818,4963.598020566032
1962-10-01,3710.256405687284,4360,3828.337280701755,3739.671315822396,3945.6513307224673,4563.790258633746,4722.221326663209,4166.736089496962,4651.909897924719,4550.104676419482
1962-11-01,3720.928809722207,4100,3648.8109649122816,3678.19415220307,3706.4152041154352,4270.998715393011,4423.390176009336,3954.0613725649296,4376.366935844927,4298.11549701141
1962-12-01,3731.601213757129,3562,3410.2846491228083,3433.415893442171,3390.2623453170027,3785.3410793780367,3889.33546085375,3681.458648449278,3990.4196137431504,3983.3321011054186
1963-01-01,3742.273617792052,3284,3233.4982456140306,3175.211546021578,3091.0303434599364,3562.4182841719976,3593.5057502908007,3564.808517472246,3680.062550909086,3678.0181212980087
1963-02-01,3752.946021826973,3278,3215.866666666667,3278.870821346404,3077.009620287568,3449.174078218472,3492.084784930818,3542.45972394849,3503.7978931982334,3508.8040059542623
1963-03-01,3763.618425861896,3424,3352.5508771929835,3312.693579077465,3249.850699162685,3530.826560976783,3585.812591188481,3664.680954891587,3562.613606954531,3556.9975464792715
1963-04-01,3774.290829896818,3843,3460.60350877193,3451.748728996733,3385.0525573928217,3823.93755410251,3777.253461265583,3810.647102796555,3665.434502812687,3612.9682316004564
1963-05-01,3784.963233931741,3614,3523.498245614036,3589.674871475284,3510.839637429911,3802.3238499687377,3748.870511772825,4043.300570408206,3793.679021821782,3764.4866826800617
1963-06-01,3795.635637966663,3536,3677.971929824562,3557.319940850642,3775.354392964317,3832.423219619959,3796.167520006629,4262.49652039678,3877.767232303348,3861.4938928115835
1963-07-01,3806.308042001586,4505,4068.182456140351,4221.963604501428,4288.01306837701,4164.344752753838,4127.4284590029565,4674.222308902416,4232.761523231777,4125.465282770243
1963-08-01,3816.980446036508,5456,5172.971929824562,5012.381666106851,5980.645769086519,5257.966248875475,5333.690726164905,5053.909383798236,5277.478161202487,5376.888069983623
1963-09-01,3827.6528500714303,4881,4423.182456140352,4558.534203024488,4790.527636930403,4707.207730553474,4902.796461024689,5079.67118043644,4697.514304145007,4657.8628421765525
1963-10-01,3838.325254106352,4041,3954.129824561404,3865.398495298628,4135.555403756491,4218.704584966432,4218.516119727226,4700.6694564064965,4306.654709822118,4274.700795633165
1963-11-01,3848.9976581412734,3724,3774.60350877193,3803.921331679302,3884.8048499861065,3813.032693671098,3819.865206798631,4231.591349781597,4017.763354050168,4005.9170030259966
1963-12-01,3859.6700621761975,3525,3536.077192982457,3559.143072918403,3553.435564150728,3476.056139914352,3553.0347229082367,3756.894103194624,3563.5163791898626,3658.8505988063866
1964-01-01,3870.3424662111192,3437,3359.29078947368,3300.93872549781,3239.801535563039,3457.1125902117365,3439.4169707672136,3476.9836230361243,3384.2597166650544,3464.28364694756
1964-02-01,3881.014870246042,3324,3341.659210526316,3404.598000822635,3225.1059954303923,3488.805972533162,3431.05880791048,3421.683097838284,3398.3565599683325,3436.347327760422
1964-03-01,3891.6872742809646,3977,3478.343421052633,3438.420758553697,3406.2659099335856,3755.882760673202,3737.182707090016,3559.1051435271147,3519.315593729725,3530.174152325334
1964-04-01,3902.3596783158864,4025,3586.39605263158,3577.4759084729653,3547.975029299482,4193.546120670198,4103.509141544535,3805.6395324527657,3932.573612142045,3809.5112701529097
1964-05-01,3913.032082350809,4016,3649.290789473685,3715.402050951516,3679.81623749739,4073.927020265293,4099.86318378314,3902.656858721691,3960.8751110757976,3955.4272797392523
1964-06-01,3923.704486385731,4031,3803.7644736842094,3683.0471203268735,3957.062079801288,4100.131963958306,4035.171624199296,4105.560725312288,4090.26756020286,4133.74129190628
1964-07-01,3934.3768904206536,4489,4193.975,4347.69078397766,4494.395000953604,4866.024248318978,4703.750711740783,4531.262848017765,4671.090827897797,4483.524076061772
1964-08-01,3945.049294455576,5563,5298.76447368421,5138.108845583083,6268.49405970454,5607.070061154854,5523.398017770097,4912.728334970367,5528.601484077798,5590.8475062598945
1964-09-01,3955.721698490498,5709,4548.975000000001,4684.26138250072,5021.095579706167,5164.177887806436,5244.313247572698,4878.105790276852,4905.943454020518,4830.618098065832
1964-10-01,3966.3941025254207,4620,4079.922368421053,3991.1256747748594,4334.599553784666,4637.001017875515,4662.690846809008,4613.098747167799,4692.765226762343,4699.877189609134
1964-11-01,3977.066506560344,4160,3900.39605263158,3929.648511155534,4071.7803838378463,4282.415989145531,4422.808331126746,4221.06723329405,4453.588542966087,4490.351147706828
1964-12-01,3987.738910595265,4012,3661.869736842106,3684.870252394635,3724.462304816276,3948.949156676847,3900.834954290801,3924.11792701504,4029.121313777275,4124.626368837937
1965-01-01,3998.411314630188,3987,3485.0833333333285,3426.6659049740424,3395.733080409558,3754.853368714838,3863.8009670184265,3691.406597503544,3875.90201848016,3938.2356661315107
1965-02-01,4009.0837186651097,4155,3467.4517543859647,3530.325180298867,3380.3302443978023,3718.7042003071288,3809.2873018966607,3709.0353391212966,3843.954802948504,3920.809876445842
1965-03-01,4019.756122700032,4054,3604.1359649122815,3564.147938029929,3570.2093798232227,4095.635393482934,4140.942077450436,3883.842840549734,4109.792051102391,4057.9164687451316
1965-04-01,4030.428526734955,4485,3712.188596491229,3703.2030879491977,3718.7389545963433,4423.435321114513,4417.75381576596,4043.812588139548,4290.65324841392,4165.122043343525
1965-05-01,4041.100930769877,4558,3775.083333333334,3841.129230427748,3856.925675950871,4454.643663710714,4478.972264250307,4161.949725970332,4280.286228510166,4228.024933142574
1965-06-01,4051.7733348048,4462,3929.55701754386,3808.774299803106,4147.515351825483,4464.970997064249,4484.444069587039,4330.907558318791,4365.73426490871,4383.004404860939
1965-07-01,4062.445738839722,4594,4319.76754385965,4473.417963453891,4710.7100893799625,5076.498082631455,4919.277737013936,4708.114972582443,4938.098887429532,4772.366405888558
1965-08-01,4073.118142874644,6481,5424.55701754386,5263.836025059315,6570.196479393371,6155.277020091149,6017.770286878538,5148.274597533801,5904.197809606676,5877.580335835077
1965-09-01,4083.790546909567,6345,4674.767543859651,4809.988561976952,5262.7607502332085,6061.133635454905,5661.872079555898,5251.008824021461,5444.486057361222,5128.078673702584
1965-10-01,4094.462950944489,5142,4205.714912280702,4116.852854251091,4543.223692421976,5099.1423733798,4911.363854587342,4944.442191379213,4770.302168663401,4658.957089393402
1965-11-01,4105.135354979411,4824,4026.188596491229,4055.375690631766,4267.75504418606,4635.706292998907,4488.549540106722,4595.199638364892,4504.87080625671,4480.202284177119
1965-12-01,4115.807759014334,4573,3787.662280701756,3810.597431870867,3903.7205570695887,4390.656092907422,4180.74659642082,4290.547519550874,4239.033571416004,4241.739285615328
1966-01-01,4126.480163049256,4158,3610.875877192978,3552.3930844502747,3559.16960554926,4205.547090359061,4038.913486750238,4035.3028396109207,4095.291430262699,4098.735846150862
1966-02-01,4137.152567084178,4140,3593.244298245614,3656.052359775099,3543.025431530232,4176.393683714093,4035.129590033621,3916.1178462825874,4063.344214731044,4081.310056465194
1966-03-01,4147.824971119101,4251,3729.928508771931,3689.8751175061607,3742.043443703503,4628.406124927942,4222.621859082885,4001.976510737733,4329.181462884931,4218.416648764484
1966-04-01,4158.497375154023,4734,3837.9811403508775,3828.9302674254295,3897.7217421856335,4858.101222479634,4475.145821629919,4099.994774031335,4510.04266019646,4325.622223362877
1966-05-01,4169.1697791889455,4858,3900.875877192984,3966.85640990398,4042.559386043142,4880.208161059851,4541.133693368858,4294.134825197301,4499.675640292706,4388.525113161926
1966-06-01,4179.842183223867,4798,4055.349561403509,3934.501479279338,4347.135133773764,4870.556002134023,4610.29251350421,4529.179240341631,4585.12367669125,4543.504584880291
1966-07-01,4190.51458725879,5080,4445.560087719298,4599.145142930123,4937.436416131161,5388.144048998951,5170.098088279515,4818.045262479949,5157.488299212071,4932.86658590791
1966-08-01,4201.186991293713,6905,5550.349561403509,5389.563204535547,6886.419826944481,6338.670044961768,6028.135877864921,5122.665125007528,6123.587221389215,6038.080515854429
1966-09-01,4211.8593953286345,5504,4800.560087719299,4935.715741453184,5516.057257730196,6342.695119069885,5664.394365948569,5175.241771390183,5663.875469143762,5288.578853721936
1966-10-01,4222.531799363557,5457,4331.507456140352,4242.580033727323,4761.888904215436,5451.052832987086,5101.822611033569,5025.876898803441,4989.69158044594,4819.457269412755
1966-11-01,4233.20420339848,5198,4151.9811403508775,4181.102870107998,4473.161958702756,4868.802080269467,4637.606774294461,4836.693442588083,4724.26021803925,4640.702464196471
1966-12-01,4243.876607433402,4890,3913.454824561405,3936.324611347098,4091.606503301536,4624.107207727412,4225.271752561507,4608.827512464985,4458.422983198544,4402.2394656346805
